route,method,status_code,response_time_ms,payload_size_bytes,timestamp
/api/cart,GET,201,814,1394,2026-05-24 02:57:32
/api/auth/login,POST,400,405,30671,2026-05-31 07:04:12
/api/products/{id},GET,201,722,697,2026-06-05 22:49:19
/api/products/{id},PUT,404,286,24456,2026-05-17 13:18:10
/api/auth/login,GET,200,338,1171,2026-05-17 04:13:44
/api/auth/logout,GET,200,114,508,2026-05-28 00:30:06
/api/users,POST,200,172,37018,2026-05-30 23:53:35
/api/products,POST,201,382,18001,2026-05-10 13:25:24
/api/cart,GET,200,284,1840,2026-05-20 04:55:16
/api/payments,POST,200,1982,5818,2026-05-27 16:28:48
/api/orders,PUT,201,571,14085,2026-06-05 00:13:10
/api/products,GET,500,840,1333,2026-06-04 08:18:38
/api/products,GET,200,838,729,2026-05-16 17:48:58
/api/auth/logout,GET,200,59,1281,2026-05-11 00:23:59
/api/users,GET,200,189,1344,2026-06-06 16:18:21
/api/auth/logout,DELETE,500,52,272,2026-05-13 09:19:17
/api/payments,POST,500,1769,11649,2026-05-14 05:56:26
/api/orders,POST,200,646,35794,2026-05-28 13:47:35
/api/cart,POST,500,241,47649,2026-05-17 22:40:11
/api/products,POST,200,221,38670,2026-05-27 13:11:31
/api/payments,PUT,200,3291,21018,2026-05-17 22:41:17
/api/auth/logout,DELETE,201,70,137,2026-05-25 11:37:19
/api/auth/logout,GET,200,66,1998,2026-05-13 17:40:37
/api/auth/login,GET,200,769,442,2026-05-22 00:41:46
/api/products,POST,404,671,13601,2026-05-17 02:02:42
/api/auth/logout,GET,200,117,1344,2026-05-20 10:48:57
/api/users/{id},POST,400,328,46588,2026-05-20 22:13:25
/api/cart,GET,400,323,816,2026-06-05 01:15:26
/api/cart,PUT,400,428,8310,2026-05-30 13:10:29
/api/payments,POST,200,3835,42495,2026-06-08 02:47:33
/api/auth/logout,GET,200,94,659,2026-05-19 02:49:41
/api/cart,PUT,200,819,31768,2026-05-15 10:58:13
/api/products,GET,400,323,1405,2026-05-29 00:11:16
/api/cart,POST,503,278,20414,2026-06-01 11:11:19
/api/orders,GET,200,447,1867,2026-05-25 03:39:55
/api/auth/login,PUT,200,303,31585,2026-05-30 21:33:52
/api/users,POST,201,742,20340,2026-05-24 13:56:35
/api/products/{id},GET,200,650,1411,2026-05-11 23:58:11
/api/users/{id},GET,200,237,1220,2026-05-10 22:18:32
/api/orders/{id},GET,201,186,1780,2026-05-21 23:48:21
/api/orders/{id},GET,400,5542,1253,2026-05-13 00:42:55
/api/cart,DELETE,400,122,330,2026-05-10 18:41:12
/api/cart,GET,503,891,484,2026-06-01 15:01:23
/api/payments,PUT,400,2072,37099,2026-06-08 17:26:05
/api/users,GET,200,687,663,2026-05-23 21:28:00
/api/payments,GET,200,2120,1436,2026-05-31 00:05:14
/api/products,POST,200,371,41600,2026-06-06 06:20:31
/api/auth/logout,POST,400,86,22048,2026-05-30 20:03:58
/api/products/{id},POST,200,489,16989,2026-06-04 20:44:00
/api/products,GET,201,704,1531,2026-06-03 14:22:46
/api/orders/{id},POST,200,581,47447,2026-05-21 09:30:52
/api/orders,PUT,503,365,24012,2026-05-19 16:25:43
/api/payments,POST,200,3973,45470,2026-05-19 13:33:26
/api/orders,POST,201,824,5941,2026-05-11 00:54:32
/api/payments,DELETE,503,3553,237,2026-05-21 01:48:48
/api/users/{id},GET,200,887,651,2026-05-18 22:14:51
/api/orders/{id},GET,404,311,1441,2026-06-02 14:59:25
/api/users/{id},POST,200,400,25088,2026-05-11 09:08:24
/api/cart,GET,200,514,361,2026-05-26 19:52:11
/api/orders/{id},GET,400,571,1147,2026-05-25 11:49:19
/api/products,GET,201,201,1553,2026-06-01 13:51:21
/api/payments,GET,503,3511,421,2026-05-19 00:03:44
/api/users,GET,400,244,786,2026-05-18 08:09:53
/api/orders,GET,200,381,1127,2026-05-14 04:08:26
/api/orders/{id},PUT,200,490,27230,2026-05-25 08:53:24
/api/orders/{id},PUT,503,512,46484,2026-06-04 15:04:14
/api/auth/logout,GET,200,116,785,2026-06-02 01:50:38
/api/auth/logout,GET,400,71,486,2026-05-16 17:31:11
/api/products/{id},GET,404,399,464,2026-06-05 12:32:37
/api/users,GET,201,225,1785,2026-06-05 16:55:23
/api/users,POST,201,742,27189,2026-05-15 10:50:27
/api/auth/login,PUT,503,430,33124,2026-05-28 06:10:58
/api/users,GET,200,859,1784,2026-06-03 18:48:10
/api/auth/login,DELETE,500,475,231,2026-05-22 23:18:01
/api/orders/{id},POST,200,308,49772,2026-05-12 09:26:50
/api/products,GET,200,196,737,2026-05-18 15:33:40
/api/auth/login,POST,200,457,30798,2026-05-24 10:37:00
/api/payments,PUT,200,1917,29562,2026-05-24 00:24:21
/api/products,PUT,201,668,15918,2026-05-10 08:26:24
/api/products,POST,200,724,34596,2026-06-07 18:09:03
/api/orders/{id},POST,201,564,47966,2026-05-18 11:45:28
/api/orders,GET,200,703,1168,2026-06-07 05:17:25
/api/users/{id},PUT,201,232,6903,2026-05-15 16:04:46
/api/auth/logout,POST,201,58,36024,2026-05-27 06:27:52
/api/auth/logout,PUT,500,103,4490,2026-05-27 16:23:15
/api/auth/logout,GET,503,104,614,2026-05-17 04:56:41
/api/payments,POST,200,1517,6175,2026-05-20 12:39:43
/api/auth/login,GET,200,701,494,2026-05-29 22:20:46
/api/products/{id},POST,404,291,16021,2026-06-02 07:53:39
/api/payments,GET,404,3059,465,2026-05-20 02:04:19
/api/products,POST,200,501,44903,2026-05-12 23:51:15
/api/orders/{id},GET,201,370,716,2026-05-16 21:58:38
/api/auth/logout,GET,200,58,917,2026-05-31 03:46:00
/api/payments,GET,500,2185,1263,2026-05-23 22:44:39
/api/users/{id},GET,201,345,583,2026-05-22 08:15:17
/api/auth/login,GET,200,225,1657,2026-05-31 02:02:58
/api/users,GET,200,403,1037,2026-05-28 03:09:27
/api/users,POST,200,258,3036,2026-05-27 14:35:47
/api/payments,POST,201,3979,48507,2026-06-02 09:28:11
/api/auth/login,GET,200,359,641,2026-05-15 16:07:22
/api/orders,POST,200,671,34253,2026-06-02 04:42:30
/api/cart,GET,201,618,971,2026-05-29 05:29:58
/api/auth/login,PUT,503,156,31768,2026-05-14 08:21:39
/api/users/{id},PUT,201,3922,32373,2026-05-25 10:11:03
/api/cart,GET,200,135,1333,2026-05-30 22:08:40
/api/auth/login,DELETE,200,89,458,2026-05-13 08:15:18
/api/auth/login,POST,500,800,21380,2026-05-17 03:40:58
/api/cart,GET,400,865,1597,2026-06-08 15:58:08
/api/cart,POST,200,198,24084,2026-05-22 15:37:36
/api/orders,GET,200,612,752,2026-05-20 19:44:08
/api/products/{id},POST,200,845,26673,2026-05-30 20:03:50
/api/users/{id},GET,200,852,662,2026-05-12 21:46:43
/api/products,GET,404,510,948,2026-05-22 21:11:48
/api/cart,GET,404,93,1270,2026-06-05 00:24:09
/api/users,GET,200,491,1073,2026-05-18 03:31:45
/api/orders/{id},GET,500,418,1476,2026-05-29 21:54:07
/api/products/{id},POST,404,280,10558,2026-05-14 23:09:30
/api/payments,POST,200,1665,27684,2026-05-16 15:48:33
/api/orders/{id},GET,201,350,1235,2026-05-24 08:57:58
/api/products,GET,200,382,1362,2026-05-18 06:11:39
/api/auth/login,PUT,200,600,12613,2026-05-17 18:11:46
/api/products,GET,200,486,945,2026-05-23 00:42:15
/api/users/{id},POST,201,320,27461,2026-06-05 18:15:37
/api/orders/{id},POST,201,680,7621,2026-05-29 09:20:08
/api/users,GET,200,169,1099,2026-05-12 03:49:51
/api/products,GET,200,782,1490,2026-05-19 02:37:37
/api/orders/{id},GET,200,767,1521,2026-05-30 14:20:59
/api/products/{id},PUT,201,439,47579,2026-05-20 20:27:10
/api/payments,GET,201,2321,421,2026-05-18 07:30:01
/api/products,GET,200,655,441,2026-05-31 08:45:28
/api/auth/login,POST,500,475,23219,2026-06-03 15:44:31
/api/auth/login,GET,200,5090,1301,2026-05-24 07:54:14
/api/orders,GET,200,756,805,2026-05-30 14:38:45
/api/users/{id},POST,404,125,1232,2026-05-29 04:40:16
/api/cart,POST,200,248,17840,2026-05-10 15:51:18
/api/auth/logout,GET,400,98,769,2026-05-15 13:16:53
/api/orders/{id},POST,201,153,40920,2026-05-19 05:34:46
/api/products,PUT,200,243,12740,2026-05-21 18:42:55
/api/cart,DELETE,404,708,445,2026-05-19 17:01:38
/api/users/{id},GET,200,508,510,2026-05-26 22:13:26
/api/users/{id},PUT,201,122,23754,2026-05-22 13:42:23
/api/users/{id},POST,503,467,6164,2026-05-22 09:53:40
/api/orders/{id},GET,201,699,514,2026-05-18 14:23:23
/api/products,GET,400,798,223,2026-06-03 15:22:33
/api/users,POST,404,156,44792,2026-06-07 00:26:08
/api/cart,GET,503,379,792,2026-05-21 08:54:32
/api/users,DELETE,200,100,418,2026-06-04 07:08:30
/api/products,DELETE,400,202,293,2026-06-07 13:17:35
/api/cart,GET,200,420,820,2026-05-10 00:13:59
/api/payments,POST,400,1260,28160,2026-06-04 04:36:37
/api/auth/login,DELETE,400,4670,177,2026-05-24 01:08:32
/api/orders/{id},PUT,404,530,7534,2026-05-23 14:00:46
/api/products/{id},PUT,201,3218,30723,2026-06-06 22:03:10
/api/users/{id},PUT,200,429,24274,2026-05-13 20:51:18
/api/auth/login,GET,200,250,1047,2026-05-24 12:22:34
/api/payments,PUT,200,1706,43426,2026-06-01 21:13:17
/api/cart,GET,200,195,877,2026-06-03 23:29:41
/api/cart,GET,200,248,1208,2026-06-04 22:47:46
/api/users,POST,200,398,47502,2026-05-23 12:08:49
/api/cart,GET,400,405,1276,2026-06-01 05:33:04
/api/auth/logout,GET,201,98,502,2026-05-13 21:15:02
/api/users,PUT,200,402,33266,2026-05-11 18:55:17
/api/cart,POST,200,151,19104,2026-05-15 13:21:59
/api/users,GET,200,796,1746,2026-06-01 13:41:05
/api/payments,GET,400,3813,482,2026-05-12 21:07:47
/api/cart,DELETE,200,100,310,2026-06-05 11:55:43
/api/orders/{id},GET,200,749,236,2026-06-05 12:26:02
/api/users/{id},GET,200,883,878,2026-05-21 03:57:33
/api/auth/login,PUT,503,744,21793,2026-06-03 22:35:44
/api/auth/logout,GET,200,112,351,2026-05-21 20:43:03
/api/products/{id},POST,200,874,27920,2026-06-07 10:47:30
/api/auth/login,GET,500,781,840,2026-05-22 01:00:47
/api/users,GET,200,487,1869,2026-05-22 15:16:02
/api/auth/login,POST,400,195,9684,2026-05-17 23:03:54
/api/products/{id},GET,200,817,855,2026-05-31 02:36:23
/api/orders,DELETE,200,495,406,2026-05-21 20:01:56
/api/users/{id},GET,200,348,641,2026-06-07 01:50:25
/api/users/{id},GET,200,408,1572,2026-06-05 05:21:26
/api/cart,GET,200,619,716,2026-05-13 11:17:50
/api/payments,POST,201,2082,8724,2026-06-01 09:07:11
/api/orders/{id},GET,200,185,924,2026-05-15 17:56:55
/api/products,DELETE,201,533,211,2026-06-06 03:08:48
/api/auth/login,PUT,503,329,30935,2026-05-22 04:24:12
/api/payments,POST,400,1458,26500,2026-05-19 00:51:05
/api/users,GET,200,157,897,2026-05-20 19:38:25
/api/users/{id},PUT,404,626,25904,2026-05-29 20:45:56
/api/auth/logout,PUT,400,107,45638,2026-05-10 18:41:40
/api/users,GET,200,851,746,2026-05-29 09:37:46
/api/users/{id},PUT,200,231,5304,2026-06-04 08:39:40
/api/auth/logout,POST,500,93,17864,2026-05-15 15:46:41
/api/auth/logout,GET,200,2240,537,2026-05-27 00:24:16
/api/products,POST,201,2701,44170,2026-05-20 23:57:38
/api/orders,GET,400,729,515,2026-05-16 12:20:23
/api/auth/logout,POST,500,67,33691,2026-06-08 16:47:03
/api/users/{id},GET,200,658,698,2026-05-17 07:19:43
/api/auth/login,POST,200,251,6417,2026-05-21 00:50:48
/api/users/{id},PUT,200,852,41490,2026-06-07 21:05:17
/api/users,GET,400,214,632,2026-05-16 00:37:32
/api/orders,GET,400,320,756,2026-05-29 10:57:34
/api/auth/logout,POST,400,56,17038,2026-05-16 01:25:28
/api/users/{id},POST,200,459,25998,2026-05-28 05:28:02
/api/users,PUT,503,554,45138,2026-05-16 17:27:34
/api/orders/{id},GET,201,835,1689,2026-05-30 03:13:33
/api/auth/login,PUT,200,846,19970,2026-05-11 01:00:19
/api/auth/login,GET,200,175,892,2026-05-20 19:57:30
/api/auth/login,GET,404,792,1260,2026-05-25 01:35:15
/api/cart,GET,200,864,1465,2026-06-04 19:24:09
/api/payments,GET,200,1622,1914,2026-06-07 07:02:29
/api/users/{id},GET,400,899,1964,2026-06-05 07:12:12
/api/cart,GET,400,94,741,2026-05-22 03:29:23
/api/users/{id},GET,200,864,676,2026-05-10 02:18:38
/api/orders,GET,201,462,1097,2026-05-11 16:28:07
/api/users/{id},POST,404,3695,39648,2026-06-01 17:03:53
/api/cart,POST,200,308,34801,2026-06-07 12:04:56
/api/users/{id},GET,201,660,1909,2026-05-12 12:43:57
/api/auth/logout,GET,404,67,815,2026-05-29 19:44:12
/api/auth/login,GET,200,118,823,2026-05-24 03:06:15
/api/payments,GET,200,1267,912,2026-05-28 14:39:11
/api/users,GET,400,396,895,2026-05-28 00:11:55
/api/users/{id},GET,200,448,1759,2026-05-31 03:08:05
/api/orders,DELETE,400,599,154,2026-05-12 20:19:53
/api/users/{id},GET,200,180,604,2026-05-16 18:31:21
/api/products,PUT,200,5179,30994,2026-06-07 09:12:02
/api/auth/logout,PUT,404,58,27813,2026-05-18 15:08:40
/api/users/{id},GET,200,203,1945,2026-05-27 06:29:52
/api/orders,PUT,200,168,37247,2026-05-25 00:23:12
/api/orders,GET,200,375,544,2026-05-15 14:36:47
/api/users,GET,503,2532,1306,2026-05-31 05:07:42
/api/cart,GET,200,106,853,2026-05-20 07:01:57
/api/payments,GET,200,1461,1304,2026-05-15 16:58:00
/api/payments,GET,200,5872,632,2026-05-15 04:48:16
/api/orders,GET,400,751,879,2026-05-31 03:51:23
/api/payments,GET,200,3633,1056,2026-05-22 01:50:23
/api/payments,POST,200,2377,1808,2026-05-30 13:24:49
/api/users/{id},POST,200,487,21603,2026-05-19 08:15:07
/api/payments,GET,201,2839,1484,2026-05-22 09:41:19
/api/cart,PUT,200,315,6052,2026-05-23 20:17:13
/api/users/{id},GET,503,255,1841,2026-05-20 14:53:44
/api/auth/login,POST,500,710,38296,2026-05-30 12:35:53
/api/cart,GET,500,549,1731,2026-06-06 18:06:32
/api/cart,DELETE,400,2815,408,2026-05-23 12:32:02
/api/users/{id},GET,201,409,1232,2026-05-11 12:26:38
/api/auth/logout,DELETE,200,117,410,2026-05-26 06:59:34
/api/products,GET,200,690,1007,2026-05-22 17:05:19
/api/users/{id},GET,201,197,1761,2026-05-31 18:14:51
/api/users/{id},GET,200,597,614,2026-05-21 17:09:10
/api/orders/{id},GET,200,5486,441,2026-05-24 01:55:40
/api/auth/login,GET,503,621,714,2026-05-22 00:43:46
/api/orders,GET,200,658,948,2026-05-20 08:43:25
/api/products,DELETE,201,872,420,2026-05-20 21:19:31
/api/orders,GET,400,775,1424,2026-06-07 20:41:21
/api/users/{id},GET,200,125,1958,2026-05-12 00:15:02
/api/orders/{id},GET,201,306,1718,2026-06-04 00:16:35
/api/orders/{id},POST,503,382,2437,2026-05-13 21:25:17
/api/users/{id},GET,200,526,1406,2026-05-27 16:05:25
/api/products/{id},GET,404,660,1173,2026-05-31 01:59:04
/api/auth/login,POST,200,765,7251,2026-06-03 04:30:20
/api/products/{id},GET,400,81,1264,2026-05-10 17:43:46
/api/auth/login,GET,200,365,1740,2026-05-17 02:36:06
/api/users/{id},POST,201,369,8471,2026-05-14 03:31:12
/api/users,GET,200,844,1262,2026-05-22 18:44:36
/api/orders,POST,200,858,37051,2026-06-07 14:05:20
/api/orders/{id},DELETE,503,306,427,2026-05-21 03:59:31
/api/users/{id},PUT,201,797,5757,2026-05-28 16:06:18
/api/auth/login,GET,500,385,1743,2026-05-27 13:34:47
/api/products/{id},POST,400,664,38762,2026-05-24 07:50:30
/api/users,GET,503,182,350,2026-05-22 06:32:16
/api/auth/login,POST,500,855,36226,2026-05-14 21:52:13
/api/auth/login,GET,400,526,1441,2026-05-23 03:24:57
/api/auth/logout,DELETE,201,114,253,2026-05-12 05:53:42
/api/orders/{id},GET,201,745,1594,2026-05-19 02:19:44
/api/products,POST,200,123,48632,2026-05-12 11:39:27
/api/users,GET,200,645,1174,2026-06-07 20:00:44
/api/payments,POST,201,958,26938,2026-05-11 10:44:15
/api/cart,GET,200,528,1678,2026-05-17 14:20:04
/api/users,POST,200,733,16259,2026-06-07 03:26:21
/api/payments,GET,201,3943,572,2026-05-20 21:32:16
/api/orders/{id},GET,400,889,1611,2026-05-16 02:32:47
/api/products/{id},POST,200,81,41292,2026-05-28 07:36:26
/api/products,POST,200,262,36209,2026-05-27 16:08:46
/api/users,POST,200,4390,38042,2026-05-23 10:59:16
/api/products,PUT,200,785,6923,2026-05-30 00:24:03
/api/users,PUT,200,773,21493,2026-05-26 23:07:06
/api/products,PUT,400,249,48263,2026-05-25 01:26:23
/api/orders/{id},GET,500,604,491,2026-06-03 05:14:39
/api/users/{id},GET,200,2307,520,2026-06-08 13:28:44
/api/products,GET,500,563,1625,2026-05-13 04:48:45
/api/payments,GET,503,1965,1130,2026-05-19 17:33:31
/api/orders/{id},GET,500,713,1286,2026-05-24 17:52:48
/api/payments,GET,400,2592,981,2026-05-27 21:01:30
/api/auth/logout,POST,400,107,16335,2026-05-22 07:19:51
/api/users,POST,400,541,33152,2026-06-01 11:35:24
/api/users/{id},GET,201,662,1589,2026-05-25 05:39:24
/api/orders/{id},GET,201,463,512,2026-05-18 15:04:05
/api/auth/login,GET,200,655,417,2026-05-29 07:29:07
/api/cart,POST,201,3097,36593,2026-05-13 11:34:52
/api/users,GET,200,547,1354,2026-06-07 17:29:43
/api/payments,DELETE,200,1596,356,2026-06-05 21:24:33
/api/cart,GET,500,167,694,2026-05-16 13:31:35
/api/cart,GET,503,738,1574,2026-05-27 16:20:44
/api/payments,DELETE,200,2166,224,2026-06-04 18:13:04
/api/users,GET,200,565,1263,2026-05-25 04:38:57
/api/auth/logout,POST,200,71,25096,2026-06-03 08:49:06
/api/products,GET,400,529,1273,2026-05-23 19:10:23
/api/orders/{id},POST,200,407,12002,2026-05-19 02:52:45
/api/users/{id},DELETE,200,387,480,2026-05-25 10:17:46
/api/products/{id},POST,200,433,32906,2026-05-14 15:56:38
/api/auth/login,POST,201,263,25262,2026-05-22 17:30:16
/api/orders/{id},GET,201,5827,1828,2026-05-16 08:18:07
/api/products/{id},PUT,200,844,45768,2026-05-10 06:31:47
/api/auth/login,GET,200,427,1894,2026-05-25 12:26:46
/api/products/{id},GET,200,160,1121,2026-05-12 11:05:34
/api/auth/login,GET,200,594,911,2026-05-27 21:49:11
/api/orders/{id},POST,201,818,45613,2026-05-19 22:16:39
/api/products/{id},GET,200,647,671,2026-05-21 07:00:04
/api/users,GET,200,509,608,2026-05-19 16:15:40
/api/products,PUT,500,717,36004,2026-06-08 12:37:36
/api/users/{id},POST,200,450,2194,2026-05-28 09:11:13
/api/auth/logout,GET,200,90,225,2026-05-17 21:33:49
/api/users/{id},POST,200,737,41219,2026-05-10 19:15:02
/api/products/{id},PUT,200,186,14472,2026-05-22 22:56:47
/api/users/{id},GET,200,413,1954,2026-05-31 16:29:58
/api/payments,GET,200,1053,1122,2026-06-05 10:45:05
/api/products,PUT,500,655,28045,2026-05-26 17:33:08
/api/users/{id},GET,201,578,1279,2026-05-18 09:02:14
/api/orders,GET,201,540,1724,2026-05-29 08:23:23
/api/products/{id},DELETE,200,385,215,2026-05-30 09:45:13
/api/auth/logout,PUT,400,108,45668,2026-05-25 18:55:01
/api/orders,GET,200,673,1442,2026-05-19 10:29:28
/api/auth/login,GET,500,539,1980,2026-05-10 12:24:05
/api/products,GET,400,746,753,2026-05-20 17:49:30
/api/products/{id},POST,400,533,15781,2026-05-10 20:45:45
/api/payments,POST,200,3089,25686,2026-05-19 10:52:08
/api/products,POST,200,109,49325,2026-05-20 06:28:37
/api/payments,GET,500,4175,522,2026-06-07 16:05:54
/api/products,GET,404,85,876,2026-05-25 22:59:09
/api/orders/{id},PUT,201,234,29820,2026-06-06 15:28:40
/api/payments,GET,201,2296,1403,2026-05-19 02:33:16
/api/cart,GET,200,566,1372,2026-05-11 07:30:19
/api/users/{id},PUT,200,100,21887,2026-05-31 03:04:21
/api/products/{id},PUT,201,764,25837,2026-05-29 00:31:54
/api/products/{id},GET,200,892,486,2026-06-05 00:03:53
/api/products,PUT,200,119,31847,2026-06-01 06:52:58
/api/users/{id},PUT,400,671,43661,2026-05-15 21:14:10
/api/auth/login,PUT,201,410,17088,2026-05-13 02:17:56
/api/products/{id},POST,200,433,45064,2026-06-04 22:41:11
/api/payments,GET,503,3979,1384,2026-05-21 07:46:03
/api/users/{id},POST,200,597,30885,2026-05-28 01:39:40
/api/users/{id},POST,200,550,47980,2026-05-29 01:05:04
/api/products,GET,400,2708,542,2026-06-02 06:08:02
/api/orders,GET,200,473,1947,2026-05-24 03:15:24
/api/cart,GET,400,895,1833,2026-05-12 17:18:40
/api/payments,PUT,500,2547,36905,2026-05-25 05:47:55
/api/cart,DELETE,200,794,445,2026-05-26 05:06:58
/api/products/{id},POST,404,318,22532,2026-05-15 04:50:57
/api/products/{id},POST,500,4803,28511,2026-05-13 04:38:06
/api/auth/logout,GET,200,84,1355,2026-06-07 04:48:44
/api/auth/logout,DELETE,404,104,393,2026-05-27 22:40:26
/api/products,GET,500,136,1902,2026-06-05 16:09:19
/api/products,DELETE,500,366,303,2026-06-01 18:08:03
/api/users,GET,200,447,967,2026-05-26 04:15:33
/api/products,GET,200,566,1451,2026-05-12 02:29:26
/api/users/{id},GET,200,883,1014,2026-05-24 15:57:42
/api/users,GET,200,473,1350,2026-05-23 20:31:26
/api/auth/login,GET,200,841,1816,2026-06-08 18:33:07
/api/auth/logout,GET,503,69,358,2026-05-30 03:32:49
/api/auth/login,GET,201,525,1556,2026-06-04 07:18:16
/api/users/{id},GET,400,461,1862,2026-06-04 17:03:37
/api/auth/logout,DELETE,201,118,357,2026-05-15 03:05:30
/api/payments,DELETE,404,3813,472,2026-06-07 22:08:33
/api/orders/{id},GET,503,728,1899,2026-05-31 23:16:37
/api/users/{id},GET,200,252,1375,2026-05-26 23:25:31
/api/cart,PUT,200,86,27872,2026-06-08 07:34:22
/api/orders/{id},POST,400,5352,22015,2026-06-01 09:56:09
/api/products/{id},GET,200,418,345,2026-05-23 07:17:42
/api/users/{id},DELETE,200,722,175,2026-05-13 19:16:20
/api/payments,DELETE,200,3944,381,2026-06-08 23:29:45
/api/auth/login,DELETE,200,751,366,2026-05-30 22:38:03
/api/payments,GET,200,2536,631,2026-05-26 22:48:23
/api/cart,DELETE,404,892,394,2026-05-31 22:28:24
/api/products,PUT,404,5299,4890,2026-05-21 11:34:17
/api/auth/logout,DELETE,200,112,218,2026-06-06 08:23:14
/api/orders/{id},GET,200,506,1395,2026-05-30 23:55:44
/api/orders/{id},DELETE,201,150,217,2026-05-27 12:08:06
/api/products,POST,200,223,13261,2026-05-29 14:39:03
/api/users/{id},DELETE,200,871,375,2026-05-22 00:40:04
/api/orders/{id},DELETE,200,347,191,2026-05-21 08:02:06
/api/orders,GET,200,879,1988,2026-05-31 23:56:07
/api/auth/login,GET,200,454,1764,2026-05-27 11:02:25
/api/auth/logout,POST,200,85,12894,2026-05-21 13:40:52
/api/payments,DELETE,200,2790,135,2026-05-15 17:49:08
/api/users/{id},PUT,200,418,19229,2026-06-07 16:14:35
/api/payments,PUT,400,1000,40741,2026-05-16 15:53:57
/api/payments,GET,404,1132,293,2026-05-19 18:16:41
/api/auth/logout,GET,404,113,1422,2026-05-22 00:40:32
/api/cart,GET,200,698,1467,2026-05-19 09:56:32
/api/payments,POST,400,1671,3402,2026-05-22 08:34:57
/api/users,GET,404,231,386,2026-05-17 07:22:25
/api/auth/logout,GET,200,85,1768,2026-05-15 16:31:40
/api/auth/login,GET,200,3105,1510,2026-05-17 17:14:43
/api/auth/logout,POST,500,52,17772,2026-06-02 04:35:46
/api/users/{id},DELETE,400,3446,442,2026-05-27 12:37:12
/api/auth/logout,GET,201,101,757,2026-05-23 17:31:28
/api/payments,PUT,200,2940,25928,2026-05-25 14:19:55
/api/cart,POST,201,770,3363,2026-05-28 07:41:00
/api/auth/login,GET,200,884,653,2026-05-17 23:41:27
/api/payments,DELETE,404,2966,104,2026-05-18 17:19:59
/api/auth/logout,GET,200,97,719,2026-05-16 00:22:50
/api/users/{id},GET,200,741,1108,2026-05-14 04:05:57
/api/products,GET,200,840,1626,2026-05-22 13:37:47
/api/orders,GET,500,882,1338,2026-05-18 22:31:09
/api/products,DELETE,200,106,259,2026-05-21 21:58:24
/api/payments,PUT,400,1793,31403,2026-05-28 18:31:49
/api/users,PUT,201,231,29166,2026-06-04 01:19:23
/api/orders/{id},GET,400,158,1245,2026-05-19 03:33:32
/api/orders/{id},GET,200,451,1999,2026-05-13 09:15:03
/api/orders,POST,400,834,4664,2026-05-15 07:36:54
/api/orders/{id},PUT,400,127,7525,2026-05-19 14:01:07
/api/orders,PUT,201,705,8786,2026-06-04 03:25:23
/api/auth/logout,PUT,201,63,47622,2026-05-12 16:54:07
/api/users/{id},POST,200,643,11350,2026-05-26 20:59:56
/api/cart,GET,200,572,877,2026-06-01 00:00:42
/api/users,DELETE,400,447,345,2026-05-22 15:22:58
/api/orders/{id},POST,200,578,3873,2026-05-30 20:12:20
/api/auth/logout,DELETE,200,58,234,2026-06-01 11:05:38
/api/orders,GET,404,172,1459,2026-05-20 16:24:29
/api/orders,PUT,200,385,39465,2026-05-21 21:31:55
/api/users/{id},GET,200,342,1730,2026-05-24 06:12:52
/api/auth/logout,GET,400,57,669,2026-05-13 01:51:20
/api/orders/{id},POST,200,555,34103,2026-05-27 20:59:07
/api/orders/{id},GET,400,313,656,2026-06-08 21:12:25
/api/auth/login,DELETE,400,800,151,2026-05-25 05:44:19
/api/products/{id},POST,201,323,34483,2026-05-14 22:18:44
/api/cart,POST,200,397,6178,2026-05-23 06:51:09
/api/products/{id},POST,201,208,41961,2026-05-30 19:34:05
/api/auth/login,PUT,200,534,38554,2026-05-25 02:54:31
/api/products,GET,200,236,1646,2026-06-02 02:26:26
/api/users/{id},GET,200,519,1026,2026-05-26 15:24:00
/api/products,POST,200,843,5165,2026-05-24 14:49:23
/api/cart,GET,200,492,1627,2026-05-30 17:08:12
/api/auth/logout,GET,200,4895,779,2026-05-17 14:04:43
/api/users/{id},PUT,404,236,42120,2026-06-03 21:27:38
/api/orders,GET,404,128,1015,2026-06-05 22:10:03
/api/auth/logout,GET,200,3894,711,2026-05-12 02:28:51
/api/cart,POST,200,510,33125,2026-06-05 13:23:40
/api/payments,GET,500,3433,1139,2026-06-04 08:08:15
/api/orders/{id},GET,200,520,559,2026-06-04 12:34:45
/api/products,GET,400,877,365,2026-05-24 10:40:11
/api/cart,GET,503,433,1783,2026-05-14 04:18:02
/api/users/{id},GET,200,485,880,2026-05-13 19:24:51
/api/products,PUT,404,175,43899,2026-05-28 08:05:23
/api/users/{id},GET,201,118,968,2026-05-11 20:16:49
/api/auth/logout,GET,200,87,986,2026-05-12 19:26:15
/api/auth/logout,POST,200,70,43418,2026-05-13 13:01:15
/api/users/{id},POST,200,785,1551,2026-06-08 21:13:24
/api/payments,POST,200,3949,17268,2026-05-18 21:22:10
/api/payments,GET,404,3876,681,2026-05-18 09:14:51
/api/auth/logout,PUT,200,60,25973,2026-05-20 09:29:40
/api/users/{id},POST,200,552,12909,2026-06-07 08:24:20
/api/auth/login,GET,201,704,1715,2026-06-05 06:40:13
/api/auth/logout,POST,200,100,15634,2026-05-11 18:46:54
/api/users/{id},DELETE,201,183,246,2026-05-12 17:56:22
/api/orders/{id},GET,200,728,1915,2026-05-18 18:07:49
/api/products,PUT,201,528,3280,2026-06-04 02:15:49
/api/auth/login,POST,404,710,27746,2026-05-31 01:44:23
/api/products,GET,200,725,1258,2026-05-22 23:20:50
/api/users,GET,404,843,646,2026-05-21 02:02:27
/api/orders/{id},GET,200,116,1332,2026-05-14 22:47:41
/api/users,PUT,200,431,43465,2026-06-05 21:51:10
/api/payments,GET,200,3319,288,2026-05-16 21:33:19
/api/products,GET,200,2376,915,2026-06-01 06:42:21
/api/products,DELETE,400,140,241,2026-05-12 20:08:44
/api/orders,POST,500,894,48797,2026-05-19 11:00:35
/api/orders/{id},GET,201,259,974,2026-05-30 23:44:18
/api/auth/login,GET,201,497,411,2026-06-08 02:22:35
/api/cart,GET,200,94,859,2026-05-15 16:12:01
/api/auth/logout,GET,500,75,1851,2026-06-04 10:45:11
/api/payments,GET,200,2641,1154,2026-05-29 13:07:34
/api/users,GET,200,321,327,2026-05-18 03:29:19
/api/auth/logout,DELETE,200,109,426,2026-05-31 14:16:42
/api/orders/{id},GET,200,406,796,2026-05-16 22:40:31
/api/products,PUT,200,169,45690,2026-05-12 10:42:22
/api/auth/logout,POST,200,51,8331,2026-06-06 22:57:09
/api/products/{id},POST,400,477,31780,2026-05-10 14:56:02
/api/auth/logout,POST,200,120,36614,2026-05-27 14:59:20
/api/users/{id},GET,200,181,1918,2026-05-17 20:21:50
/api/users/{id},GET,201,582,514,2026-06-07 11:00:27
/api/users/{id},POST,200,618,36656,2026-05-23 16:35:01
/api/auth/login,DELETE,200,827,172,2026-05-28 09:21:29
/api/orders/{id},PUT,200,145,18232,2026-05-17 18:40:04
/api/products/{id},POST,201,702,19672,2026-05-15 22:01:54
/api/auth/logout,POST,200,52,7098,2026-05-30 07:25:44
/api/products/{id},POST,200,731,13460,2026-05-20 08:43:48
/api/users,GET,200,738,558,2026-05-13 21:29:44
/api/products,GET,400,3417,1262,2026-05-11 09:54:05
/api/users,GET,201,697,280,2026-05-12 02:12:51
/api/auth/login,POST,200,758,25525,2026-05-22 20:38:38
/api/users,GET,201,452,1250,2026-05-14 23:43:10
/api/orders,PUT,201,757,13964,2026-05-26 03:34:14
/api/users/{id},PUT,200,605,10656,2026-05-13 13:05:58
/api/cart,GET,404,137,486,2026-05-23 09:14:52
/api/products/{id},GET,200,161,1951,2026-06-01 03:24:17
/api/payments,GET,400,3125,1354,2026-06-04 18:12:53
/api/cart,GET,200,726,1601,2026-05-10 09:14:47
/api/cart,POST,200,402,2026,2026-06-02 18:09:48
/api/users/{id},PUT,200,750,43658,2026-05-11 17:46:55
/api/cart,GET,200,172,315,2026-06-01 19:14:01
/api/auth/logout,POST,400,5372,38676,2026-06-06 04:20:41
/api/products/{id},GET,200,202,385,2026-06-03 21:19:52
/api/orders,GET,404,246,958,2026-05-28 06:42:17
/api/cart,GET,200,442,1989,2026-05-18 13:55:58
/api/payments,GET,201,1442,1235,2026-05-12 15:54:31
/api/cart,GET,400,401,1657,2026-05-16 17:40:13
/api/cart,GET,200,660,1994,2026-05-17 10:13:41
/api/users,PUT,201,254,22539,2026-05-28 14:39:17
/api/payments,POST,200,1603,22618,2026-06-01 12:36:53
/api/payments,POST,201,2336,30621,2026-06-06 20:50:56
/api/users,GET,200,205,1936,2026-05-13 14:05:42
/api/users,GET,200,432,1436,2026-05-31 01:46:29
/api/cart,GET,201,677,1017,2026-05-28 07:08:32
/api/products,POST,201,167,41541,2026-05-30 07:45:04
/api/users/{id},GET,201,562,1976,2026-05-24 05:14:53
/api/orders/{id},POST,200,216,32338,2026-06-04 14:47:38
/api/auth/login,DELETE,200,524,180,2026-06-07 03:21:13
/api/products/{id},GET,200,524,437,2026-05-25 19:38:03
/api/cart,DELETE,503,665,366,2026-06-03 21:24:10
/api/orders,POST,200,424,19119,2026-05-19 10:55:17
/api/products,PUT,500,167,17265,2026-06-05 17:48:26
/api/orders/{id},DELETE,400,274,490,2026-06-03 15:32:29
/api/products/{id},POST,200,429,24812,2026-05-13 01:52:14
/api/auth/logout,GET,404,93,1320,2026-05-21 04:36:54
/api/users/{id},GET,500,818,1480,2026-05-24 19:39:12
/api/products/{id},GET,201,261,1982,2026-05-24 18:35:22
/api/products,GET,200,377,1133,2026-05-16 16:38:33
/api/orders/{id},GET,201,438,835,2026-05-19 22:42:25
/api/auth/logout,GET,200,96,403,2026-05-18 11:34:57
/api/auth/login,POST,404,157,37343,2026-05-10 05:30:20
/api/auth/login,POST,500,96,16772,2026-06-02 02:06:38
/api/orders,POST,200,383,18309,2026-05-25 01:06:52
/api/auth/login,POST,200,434,44496,2026-05-18 20:24:09
/api/cart,GET,200,653,1073,2026-05-25 07:51:25
/api/payments,POST,200,2558,21611,2026-05-14 04:15:17
/api/orders/{id},PUT,404,458,19676,2026-06-03 14:53:34
/api/orders,GET,200,833,1310,2026-06-07 23:20:03
/api/orders,POST,200,155,21342,2026-05-25 14:02:03
/api/cart,GET,201,163,1923,2026-05-31 04:57:34
/api/cart,GET,201,743,329,2026-05-19 14:58:44
/api/users/{id},DELETE,200,505,189,2026-06-02 04:50:34
/api/orders,GET,200,326,316,2026-05-14 19:25:42
/api/cart,GET,200,557,1292,2026-05-19 11:19:16
/api/orders,DELETE,201,220,155,2026-05-20 23:37:15
/api/users,GET,200,749,1577,2026-05-24 09:34:00
/api/orders,GET,200,144,542,2026-05-26 08:26:19
/api/auth/login,POST,200,299,13265,2026-05-31 08:28:56
/api/cart,DELETE,201,276,210,2026-05-16 15:17:46
/api/auth/login,GET,200,3515,838,2026-05-16 10:49:36
/api/payments,PUT,200,2629,35614,2026-05-17 11:04:58
/api/products/{id},GET,200,374,1097,2026-05-11 22:31:07
/api/orders/{id},POST,200,337,16108,2026-06-05 23:12:20
/api/orders/{id},POST,200,678,10987,2026-05-21 18:23:51
/api/auth/logout,PUT,500,62,15054,2026-05-23 12:50:21
/api/users/{id},GET,503,95,391,2026-05-10 07:10:26
/api/products/{id},POST,400,895,49231,2026-06-03 21:05:18
/api/users,POST,200,573,25984,2026-05-28 18:51:47
/api/payments,GET,201,3778,467,2026-05-24 15:07:56
/api/cart,GET,200,510,997,2026-05-11 18:44:01
/api/orders,PUT,200,249,21159,2026-05-20 23:52:36
/api/auth/logout,GET,200,96,1475,2026-05-15 15:40:28
/api/orders/{id},DELETE,503,257,190,2026-06-01 18:20:51
/api/orders/{id},GET,500,740,1869,2026-06-04 07:06:09
/api/payments,GET,500,2811,609,2026-06-05 04:54:04
/api/auth/login,GET,200,214,1379,2026-05-18 07:52:06
/api/payments,GET,400,952,558,2026-05-26 05:59:58
/api/products,GET,201,246,1004,2026-05-20 23:53:19
/api/users/{id},DELETE,201,396,325,2026-06-07 18:23:46
/api/products/{id},GET,201,442,1067,2026-05-26 14:55:46
/api/products/{id},GET,500,531,1145,2026-05-15 09:49:24
/api/products/{id},POST,201,631,12438,2026-05-15 09:22:20
/api/auth/login,POST,400,827,36397,2026-05-31 21:18:19
/api/auth/login,GET,404,220,610,2026-05-29 13:36:57
/api/products/{id},GET,201,660,1945,2026-06-07 17:29:41
/api/orders,POST,200,505,28759,2026-05-17 12:05:40
/api/payments,POST,201,1577,23489,2026-05-16 22:14:43
/api/products/{id},GET,200,362,586,2026-05-10 23:48:07
/api/users,PUT,200,446,39272,2026-06-01 05:06:15
/api/users/{id},POST,200,150,31937,2026-06-07 09:26:11
/api/auth/logout,POST,200,118,37152,2026-05-26 00:01:33
/api/products/{id},GET,200,513,1816,2026-05-27 02:28:38
/api/products/{id},GET,200,884,1004,2026-05-28 03:59:36
/api/orders,GET,200,482,1235,2026-05-25 07:13:37
/api/products/{id},GET,200,333,1759,2026-05-13 21:25:31
/api/cart,POST,201,442,5723,2026-05-27 23:02:27
/api/products,GET,200,344,897,2026-05-31 19:44:56
/api/payments,DELETE,200,1849,492,2026-05-28 05:38:38
/api/products,POST,500,666,26663,2026-05-12 18:02:11
/api/products,PUT,200,160,45290,2026-05-18 15:39:00
/api/auth/login,DELETE,400,594,392,2026-05-11 16:51:36
/api/auth/logout,POST,503,63,49233,2026-05-13 20:48:15
/api/products/{id},GET,200,857,1542,2026-06-06 05:49:40
/api/cart,POST,200,691,35770,2026-05-30 14:32:38
